[
    {
		"name": "Ledni chodec",
        "replaces":"Scout",
        "uniqueTo":"Arktida",
		"unitType": "Gunpowder",
		"movement": 3,
		"strength": 8,
		"cost": 25,
		"requiredTech": "Pottery",
		"obsoleteTech": "Civil Service",
		"upgradesTo": "Pikeman",
        "uniques":["[+30]% Strength <when fighting in [Tundra] tiles>","[+30]% Strength <when fighting in [Snow] tiles>"],
		"attackSound": "shot"
	},{
         "name": "Divoch",
        "replaces":"Warrior",
        "uniqueTo":"Neandrtalci",
		"unitType": "Gunpowder",
		"movement": 2,
		"strength": 10,
		"cost": 20,
		"requiredTech": "Agriculture",
		"obsoleteTech": "Bronze Working",
		"upgradesTo": "Swordsman",
        "uniques":["[+10]% Strength <when attacking>","[+20]% Strength <vs cities>"],
		"attackSound": "hit"
	}

]